{"cameraMode":{"drawMode":0,"name":"Shaded","section":"Shading Mode"},"sceneLighting":false,"audioPlay":false,"sceneViewState":{"m_AlwaysRefresh":false,"showFog":true,"showSkybox":false,"showFlares":true,"showImageEffects":true,"showParticleSystems":true,"showVisualEffectGraphs":true,"m_FxEnabled":true},"in2DMode":false,"pivot":{"x":-4.340000152587891,"y":0.2930000126361847,"z":-7.239999771118164},"rotation":{"x":0.006792466621845961,"y":-0.9796806573867798,"z":0.19789013266563416,"w":0.03401925042271614},"size":4.024964809417725,"orthographic":false}